{"val_loss": [1.0088392901060215, 1.0124256080735174, 0.8700248124870689, 0.8821912080215478, 0.6382999221009684, 0.5863337108514189, 0.5615854355771104, 0.5741830433088346, 0.5134171855857472, 0.5052432655197528, 0.5100628605131697, 0.5166409909013917, 0.4987133103841434, 0.5392374607809214, 0.49197788490315897, 0.5276483506936351, 0.4662164340037245, 0.4806215202372133, 0.4622023520056179, 0.4681294875881837, 0.48925910955302376, 0.472371734127509, 0.45927749284933556, 0.45075559891114275, 0.4568705749635006, 0.4498886481792849, 0.45147774569459065, 0.4597039327037268, 0.43725914384224346, 0.4557572315041755, 0.44717609356013005, 0.4275055086460963, 0.4472302095631142, 0.41010682109384755, 0.41879780110425197, 0.44439892412749377, 0.41031446000272165, 0.42039458445357064, 0.40069913842797567, 0.4028821875627968, 0.4092225628232994, 0.39602788430457087, 0.40249297103430415, 0.398806746269657, 0.40169488281224963, 0.41060403544180146, 0.40355844483929393, 0.40577948027028865, 0.3986020534045182, 0.40539777686696443, 0.40425746388253275, 0.40144541613052265, 0.39957121768544, 0.4061866611740185, 0.399159111325572, 0.4001832071190897, 0.3959142406165078, 0.4134035016822739, 0.40630523874680013, 0.4014196004199906, 0.3988864106750716, 0.4086947481406522, 0.4024431995436988, 0.40071562946127254, 0.3913164394496449, 0.39689972550980895, 0.4004047294647426, 0.40876164551092314, 0.40295583255108897, 0.39634140091892645, 0.3974429145158997, 0.4154917200880574, 0.3962274093237204, 0.40670061552439213, 0.4220841215447765, 0.41152354918402534, 0.4016133405523065, 0.4039579366253024, 0.4063545549755165, 0.39664893091768144, 0.40222741552023256, 0.3943542748357724, 0.40201587654952503, 0.3917775294708656, 0.3979684203009617, 0.39375861532031875, 0.3996411324637981, 0.41259320440658426, 0.39773626782017846, 0.40505196815601113, 0.40305656243290516, 0.39197596919470207, 0.4283762275698456, 0.39932563381718567, 0.4037903319916843, 0.3917120330231286, 0.39891798921113175, 0.40152520571991673, 0.40156415149913294, 0.3907344324918806], "val_dice_coef": [0.036554090678691864, 0.02847149409353733, 0.1794661283493042, 0.3026892840862274, 0.418322890996933, 0.45917463302612305, 0.48588091135025024, 0.468488872051239, 0.5301718711853027, 0.5376714468002319, 0.5289914011955261, 0.5304780602455139, 0.5414300560951233, 0.5072835683822632, 0.5519182085990906, 0.5134145021438599, 0.5746009945869446, 0.5622586011886597, 0.5746828317642212, 0.5733387470245361, 0.5535190105438232, 0.5677107572555542, 0.5820334553718567, 0.5892180800437927, 0.5811467170715332, 0.5882005095481873, 0.5890401601791382, 0.5820871591567993, 0.5999590754508972, 0.5850189924240112, 0.5954340696334839, 0.6100704669952393, 0.5918437242507935, 0.628579318523407, 0.6184749603271484, 0.5945504903793335, 0.6270847916603088, 0.6153172254562378, 0.6347035765647888, 0.6330904364585876, 0.6281951665878296, 0.6418133974075317, 0.6346083283424377, 0.6396485567092896, 0.6346701383590698, 0.6291807293891907, 0.6319991946220398, 0.6304280161857605, 0.6392866373062134, 0.6338320970535278, 0.6348980069160461, 0.6371794939041138, 0.6380634307861328, 0.6321285367012024, 0.6388463377952576, 0.639202356338501, 0.6426951289176941, 0.627912163734436, 0.6333128213882446, 0.639185905456543, 0.639981746673584, 0.6320483088493347, 0.638031005859375, 0.6388170719146729, 0.6471105217933655, 0.6411042213439941, 0.6386351585388184, 0.6320416331291199, 0.6377371549606323, 0.6442869901657104, 0.6442591547966003, 0.6294474601745605, 0.6459587812423706, 0.6349242925643921, 0.6223496794700623, 0.6270407438278198, 0.6406368017196655, 0.6371111273765564, 0.6343058347702026, 0.6430240869522095, 0.6386193037033081, 0.6481615304946899, 0.6377784609794617, 0.6481981873512268, 0.6420809030532837, 0.6471258401870728, 0.6411044001579285, 0.6312950849533081, 0.6440359354019165, 0.6368056535720825, 0.639825701713562, 0.6462392210960388, 0.6147158145904541, 0.6421382427215576, 0.6370755434036255, 0.6496145129203796, 0.644363284111023, 0.6418022513389587, 0.6390681862831116, 0.6524955034255981], "loss": [1.0724779506669426, 1.0054958425734164, 0.9437809991140436, 0.7947285503801638, 0.7122007506172152, 0.6256179886795309, 0.5870003280413412, 0.5695226842904613, 0.5553206726364845, 0.5413230598843011, 0.5327504019450097, 0.5232327083384034, 0.5170067917473995, 0.5095535678802615, 0.503143418770637, 0.48685984427693985, 0.483693034381327, 0.4762181186654272, 0.470280794929849, 0.4576036631517167, 0.450897235831205, 0.44700318210533935, 0.4336974676834406, 0.424698594712863, 0.4306666285996019, 0.4085188908842358, 0.40011485818311243, 0.39518289806416435, 0.3908328580921584, 0.3810194164079471, 0.3772205084997372, 0.36719799242968104, 0.3650345362886025, 0.3463109064384969, 0.3323782920619867, 0.3122517560085241, 0.3089132787537401, 0.30552590915756506, 0.27997521036406503, 0.2849873523533779, 0.2670512642085987, 0.26293451719693023, 0.2520653974727122, 0.24189623031955565, 0.23206514702008588, 0.23835282615066444, 0.2391822660600182, 0.22177702071566652, 0.21636728885291268, 0.20781339612537927, 0.21771732451271836, 0.21190209403960375, 0.20431099611803563, 0.1997581889213872, 0.19204841570480027, 0.18597544286481654, 0.18619289096907107, 0.1921425249400365, 0.19225503066486685, 0.17645328266233423, 0.1736856920603853, 0.1737721793788628, 0.17353164567782062, 0.17990170731923005, 0.17564133720567626, 0.16690052809180134, 0.16228775748044905, 0.1570252746778683, 0.15467311528912425, 0.15514593114600564, 0.1524818015903452, 0.16254588197508868, 0.16669165769959018, 0.15881523851604357, 0.1593436309999793, 0.16225448131126208, 0.14452004981954603, 0.13860950106415001, 0.13852140851264452, 0.13795871306618634, 0.194274706589262, 0.161419599378196, 0.1377447243970241, 0.13207821677146603, 0.12765899087118843, 0.1261032316697775, 0.12678553491667674, 0.1494949625628273, 0.1397314712568356, 0.1288662517484087, 0.1257309270818738, 0.13790733821309395, 0.13766549072180786, 0.14014499421047905, 0.12478559215410348, 0.11947155885235236, 0.1176935925563104, 0.11922255927955147, 0.1210118850869854, 0.1193467630413327], "dice_coef": [